Amplicon Size Range,Forward Primer Seq,Reverse Primer Seq,Coverage [%]
300-380,ATCTTTTCATTTACGATCAACATCTTCTGG,GAAATGAATTTTCTAGAATTTGACTCCGTAC,74.46
300-380,GATATACTAATACCTTACCCAGTCCATCTG,CAAGATGCTCCATTTTTCCATAGAAATATATTC,5.87
300-380,CACTATCTTCGATATCAAGGTAAAGCTATTC,GTACAAAGTGAAGCTTTAGACAATGATCTAA,6.13
380-460,ATCCTTTCATGCATTATGTTAGGTATCAAG,GAGGATCCGCTATAATAATGAGAAATCTTTC,41.51
380-460,CTACTTCTTATATCCACTTATCTTTCAGGAGTA,CAGATGGACTGGGTAAGGTATTAGTATATC,6.51
380-460,GACTCTCTCATTTCTTATACAATTCTTATGTATCAG,CTCTAGTATTTGACTCCTTACTACCAAGTAAT,3.32
460-540,TCTTTCTCCGTAACCAATCTTCTCATTTAC,CTTTACTAATAGGATGTCCCAATACGGTAC,49.81
460-540,CTCAACAACACTACTTCTTATATCCACTTATC,GAGAAAGAATCTTAATAAATGCAAAGAAGAAGC,5.11
460-540,GACTCTCTCATTTCTTATACAATTCTTATGTATCAG,GAAGGACTGGAACTAAAGTATAAAATCTCTTAA,3.07
